evolution$generation,evolution$evaluated,infectiousPeriod,immunityPeriod,vaccinationRate,socialDistancingLevels,objective$ProportionSick,objective$ProportionVaccinated,evolution$samples,CumulativePopulation,CumulativeSick,ProportionImmune,CumulativeImmune,CumulativeSusceptible,CumulativeVaccinated,ProportionSusceptible,ProportionVaccinated,ProportionSick
10000,10000,2.0416359408244262,9.252078883653265,0.0027721078428452174,2.1110773502271116,0.2955,0.094,28,"[13304.0,13630.0,11467.0,11414.0,11486.0,11975.0,10969.0,12554.0,12979.0,13455.0,11961.0,13723.0,11772.0,10394.0,11634.0,13353.0,12139.0,11821.0,12586.0,13382.0,11809.0,12840.0,9965.0,12367.0,12288.0,11496.0,12135.0,12222.0]","[3921.0,4023.0,3353.0,3430.0,3427.0,3570.0,3276.0,3738.0,3829.0,3961.0,3533.0,4104.0,3494.0,3039.0,3434.0,3928.0,3589.0,3512.0,3706.0,3936.0,3478.0,3849.0,2964.0,3711.0,3663.0,3372.0,3604.0,3573.0]","[0.357,0.354,0.348,0.354,0.352,0.353,0.347,0.355,0.353,0.355,0.355,0.359,0.348,0.344,0.349,0.359,0.35,0.349,0.352,0.351,0.349,0.355,0.342,0.358,0.354,0.348,0.355,0.353]","[4747.0,4824.0,3986.0,4039.0,4048.0,4224.0,3811.0,4451.0,4581.0,4770.0,4246.0,4925.0,4096.0,3573.0,4059.0,4792.0,4252.0,4120.0,4433.0,4700.0,4117.0,4556.0,3406.0,4424.0,4351.0,3995.0,4310.0,4315.0]","[3252.0,3445.0,3048.0,2949.0,3016.0,3125.0,2893.0,3253.0,3329.0,3379.0,3026.0,3352.0,3076.0,2826.0,3050.0,3284.0,3148.0,3062.0,3225.0,3408.0,3141.0,3290.0,2769.0,3143.0,3088.0,3050.0,3123.0,3108.0]","[1384.0,1338.0,1080.0,996.0,995.0,1056.0,989.0,1112.0,1240.0,1345.0,1156.0,1342.0,1106.0,956.0,1091.0,1349.0,1150.0,1127.0,1222.0,1338.0,1073.0,1145.0,826.0,1089.0,1186.0,1079.0,1098.0,1226.0]","[0.244,0.253,0.266,0.258,0.263,0.261,0.264,0.259,0.256,0.251,0.253,0.244,0.261,0.272,0.262,0.246,0.259,0.259,0.256,0.255,0.266,0.256,0.278,0.254,0.251,0.265,0.257,0.254]","[0.104,0.098,0.094,0.087,0.087,0.088,0.09,0.089,0.096,0.1,0.097,0.098,0.094,0.092,0.094,0.101,0.095,0.095,0.097,0.1,0.091,0.089,0.083,0.088,0.097,0.094,0.09,0.1]","[0.295,0.295,0.292,0.301,0.298,0.298,0.299,0.298,0.295,0.294,0.295,0.299,0.297,0.292,0.295,0.294,0.296,0.297,0.294,0.294,0.295,0.3,0.297,0.3,0.298,0.293,0.297,0.292]"
10000,10000,3.643331047209198,9.050841164413777,0.0,1.0,0.326,0.0765,22,"[11572.0,12669.0,11477.0,10976.0,11898.0,11853.0,11181.0,14063.0,13292.0,11925.0,12310.0,12187.0,13274.0,11683.0,12659.0,15720.0,12590.0,12907.0,10591.0,11928.0,11278.0,12884.0]","[3803.0,4141.0,3773.0,3623.0,3901.0,3866.0,3639.0,4532.0,4301.0,3908.0,4054.0,3944.0,4261.0,3814.0,4112.0,5058.0,4101.0,4285.0,3486.0,3895.0,3679.0,4180.0]","[0.338,0.349,0.34,0.343,0.338,0.342,0.337,0.352,0.346,0.344,0.34,0.347,0.351,0.338,0.347,0.36,0.35,0.341,0.331,0.34,0.343,0.347]","[3914.0,4419.0,3907.0,3769.0,4026.0,4054.0,3772.0,4953.0,4593.0,4098.0,4180.0,4223.0,4656.0,3949.0,4390.0,5656.0,4403.0,4404.0,3508.0,4057.0,3870.0,4465.0]","[3002.0,3183.0,2919.0,2817.0,3064.0,3042.0,2928.0,3392.0,3317.0,3028.0,3147.0,3048.0,3254.0,3006.0,3188.0,3666.0,3102.0,3183.0,2820.0,3082.0,2934.0,3231.0]","[853.0,926.0,878.0,767.0,907.0,891.0,842.0,1186.0,1081.0,891.0,929.0,972.0,1103.0,914.0,969.0,1340.0,984.0,1035.0,777.0,894.0,795.0,1008.0]","[0.259,0.251,0.254,0.257,0.258,0.257,0.262,0.241,0.25,0.254,0.256,0.25,0.245,0.257,0.252,0.233,0.246,0.247,0.266,0.258,0.26,0.251]","[0.074,0.073,0.077,0.07,0.076,0.075,0.075,0.084,0.081,0.075,0.075,0.08,0.083,0.078,0.077,0.085,0.078,0.08,0.073,0.075,0.07,0.078]","[0.329,0.327,0.329,0.33,0.328,0.326,0.325,0.322,0.324,0.328,0.329,0.324,0.321,0.326,0.325,0.322,0.326,0.332,0.329,0.327,0.326,0.324]"
10000,10000,2.4081513252940714,9.072354914257378,8.449140786520997E-4,1.6246411760821715,0.314,0.068,1,"[10170.0]","[3197.0]","[0.346]","[3519.0]","[2761.0]","[693.0]","[0.271]","[0.068]","[0.314]"
10000,10000,2.000099625252275,9.019616535690863,0.005,2.96838396624406,0.267,0.134,1,"[12365.0]","[3307.0]","[0.331]","[4087.0]","[3314.0]","[1657.0]","[0.268]","[0.134]","[0.267]"
10000,10000,2.061950221885002,10.152542860180677,0.0024108978495020524,2.2051055720139927,0.2935,0.09,2,"[10170.0,11358.0]","[2984.0,3339.0]","[0.344,0.351]","[3496.0,3987.0]","[2838.0,2936.0]","[852.0,1096.0]","[0.279,0.258]","[0.084,0.096]","[0.293,0.294]"
10000,10000,2.008916625548591,10.624235893910118,0.002739157438621937,2.886405196664988,0.289,0.094,3,"[11177.0,10843.0,11551.0]","[3229.0,3196.0,3337.0]","[0.353,0.351,0.354]","[3951.0,3808.0,4085.0]","[2943.0,2865.0,2966.0]","[1054.0,974.0,1163.0]","[0.263,0.264,0.257]","[0.094,0.09,0.101]","[0.289,0.295,0.289]"
10000,10000,2.0448316746192385,9.038265057483203,0.0012232410593927751,2.8463184132506836,0.299,0.0795,4,"[11312.0,12013.0,10624.0,11274.0]","[3391.0,3545.0,3235.0,3364.0]","[0.354,0.349,0.352,0.352]","[4008.0,4194.0,3740.0,3967.0]","[3045.0,3209.0,2839.0,3024.0]","[868.0,1065.0,810.0,919.0]","[0.269,0.267,0.267,0.268]","[0.077,0.089,0.076,0.082]","[0.3,0.295,0.304,0.298]"
10000,10000,2.0,9.002013078004929,0.0038067253933139855,2.9651987448979984,0.283,0.111,5,"[10545.0,11590.0,10139.0,13422.0,11328.0]","[2958.0,3281.0,2950.0,3751.0,3218.0]","[0.337,0.339,0.336,0.344,0.332]","[3557.0,3931.0,3405.0,4617.0,3766.0]","[2959.0,3094.0,2786.0,3440.0,3070.0]","[1071.0,1284.0,998.0,1614.0,1274.0]","[0.281,0.267,0.275,0.256,0.271]","[0.102,0.111,0.098,0.12,0.112]","[0.281,0.283,0.291,0.279,0.284]"
10000,10000,2.0457265693609235,9.375218643149093,1.2930815514620623E-5,2.282806284059067,0.302,0.077,7,"[10275.0,10840.0,10511.0,12398.0,11421.0,13288.0,10381.0]","[3116.0,3326.0,3189.0,3739.0,3437.0,4006.0,3107.0]","[0.347,0.35,0.348,0.358,0.353,0.357,0.351]","[3563.0,3793.0,3653.0,4435.0,4030.0,4741.0,3642.0]","[2827.0,2916.0,2858.0,3231.0,3072.0,3330.0,2788.0]","[769.0,805.0,811.0,993.0,882.0,1211.0,844.0]","[0.275,0.269,0.272,0.261,0.269,0.251,0.269]","[0.075,0.074,0.077,0.08,0.077,0.091,0.081]","[0.303,0.307,0.303,0.302,0.301,0.301,0.299]"
10000,10000,2.011145523097222,9.000156118629526,0.003416828849548236,2.7314163558499422,0.288,0.1015,8,"[11420.0,12132.0,11304.0,11420.0,11946.0,12936.0,12098.0,11130.0]","[3246.0,3457.0,3251.0,3313.0,3521.0,3698.0,3485.0,3235.0]","[0.344,0.345,0.34,0.346,0.351,0.343,0.348,0.345]","[3923.0,4190.0,3849.0,3954.0,4199.0,4433.0,4206.0,3835.0]","[3124.0,3207.0,3064.0,2992.0,3105.0,3367.0,3152.0,2986.0]","[1127.0,1278.0,1140.0,1161.0,1121.0,1438.0,1255.0,1074.0]","[0.274,0.264,0.271,0.262,0.26,0.26,0.261,0.268]","[0.099,0.105,0.101,0.102,0.094,0.111,0.104,0.096]","[0.284,0.285,0.288,0.29,0.295,0.286,0.288,0.291]"
10000,10000,2.0025982330509153,10.373345060699549,0.0033956013539674307,3.0,0.29,0.098,9,"[10464.0,10856.0,10541.0,10867.0,10702.0,11160.0,10449.0,10714.0,12394.0]","[3027.0,3237.0,3055.0,3174.0,3068.0,3255.0,3029.0,3094.0,3573.0]","[0.347,0.349,0.34,0.351,0.339,0.347,0.345,0.352,0.356]","[3631.0,3794.0,3588.0,3810.0,3628.0,3876.0,3600.0,3768.0,4418.0]","[2799.0,2846.0,2823.0,2818.0,2867.0,2897.0,2823.0,2814.0,3020.0]","[1007.0,979.0,1075.0,1065.0,1139.0,1132.0,997.0,1038.0,1383.0]","[0.267,0.262,0.268,0.259,0.268,0.26,0.27,0.263,0.244]","[0.096,0.09,0.102,0.098,0.106,0.101,0.095,0.097,0.112]","[0.289,0.298,0.29,0.292,0.287,0.292,0.29,0.289,0.288]"
10000,10000,2.0,9.000732698748614,0.005,2.903535565363769,0.2765,0.123,10,"[10535.0,12792.0,10939.0,12057.0,12776.0,11612.0,12237.0,12273.0,14005.0,13445.0]","[2896.0,3532.0,3023.0,3364.0,3536.0,3271.0,3373.0,3428.0,3872.0,3745.0]","[0.327,0.338,0.338,0.336,0.335,0.334,0.339,0.327,0.345,0.345]","[3448.0,4330.0,3700.0,4051.0,4282.0,3881.0,4148.0,4018.0,4828.0,4635.0]","[2927.0,3298.0,2884.0,3224.0,3298.0,3079.0,3145.0,3304.0,3523.0,3438.0]","[1264.0,1632.0,1332.0,1418.0,1660.0,1381.0,1571.0,1523.0,1782.0,1627.0]","[0.278,0.258,0.264,0.267,0.258,0.265,0.257,0.269,0.252,0.256]","[0.12,0.128,0.122,0.118,0.13,0.119,0.128,0.124,0.127,0.121]","[0.275,0.276,0.276,0.279,0.277,0.282,0.276,0.279,0.276,0.279]"
10000,10000,2.0,9.43151141617543,0.001153909086620779,2.5487368010306746,0.3,0.082,11,"[10538.0,12197.0,11012.0,12096.0,12044.0,12257.0,10719.0,10696.0,13461.0,10603.0,11817.0]","[3154.0,3703.0,3310.0,3656.0,3606.0,3661.0,3214.0,3245.0,4041.0,3221.0,3467.0]","[0.346,0.355,0.351,0.355,0.355,0.36,0.349,0.35,0.357,0.347,0.356]","[3650.0,4335.0,3860.0,4292.0,4273.0,4414.0,3738.0,3741.0,4808.0,3679.0,4208.0]","[2898.0,3070.0,2937.0,3152.0,3154.0,3071.0,2911.0,2860.0,3415.0,2926.0,3091.0]","[836.0,1089.0,905.0,996.0,1011.0,1111.0,856.0,850.0,1197.0,777.0,1051.0]","[0.275,0.252,0.267,0.261,0.262,0.251,0.272,0.267,0.254,0.276,0.262]","[0.079,0.089,0.082,0.082,0.084,0.091,0.08,0.079,0.089,0.073,0.089]","[0.299,0.304,0.301,0.302,0.299,0.299,0.3,0.303,0.3,0.304,0.293]"
10000,10000,2.0,10.471162600871333,0.0028119659843537305,2.911236285521194,0.2915,0.0925,12,"[10407.0,11516.0,10881.0,12088.0,9964.0,10233.0,10938.0,11671.0,12591.0,10018.0,10844.0,10079.0]","[3032.0,3331.0,3224.0,3529.0,2902.0,2951.0,3215.0,3425.0,3629.0,2976.0,3206.0,2924.0]","[0.35,0.355,0.351,0.353,0.348,0.346,0.351,0.351,0.352,0.345,0.347,0.348]","[3647.0,4091.0,3816.0,4265.0,3463.0,3540.0,3837.0,4093.0,4438.0,3453.0,3762.0,3503.0]","[2781.0,2929.0,2806.0,3128.0,2692.0,2799.0,2889.0,2990.0,3161.0,2684.0,2867.0,2728.0]","[947.0,1165.0,1035.0,1166.0,907.0,943.0,997.0,1163.0,1363.0,905.0,1009.0,924.0]","[0.267,0.254,0.258,0.259,0.27,0.274,0.264,0.256,0.251,0.268,0.264,0.271]","[0.091,0.101,0.095,0.096,0.091,0.092,0.091,0.1,0.108,0.09,0.093,0.092]","[0.291,0.289,0.296,0.292,0.291,0.288,0.294,0.293,0.288,0.297,0.296,0.29]"
10000,10000,2.0,9.0,0.005,2.9738204632500165,0.277,0.122,13,"[11202.0,12961.0,11200.0,12978.0,10947.0,11571.0,11604.0,11371.0,11716.0,13409.0,12278.0,11612.0,11914.0]","[3027.0,3611.0,3113.0,3575.0,3057.0,3165.0,3195.0,3202.0,3271.0,3768.0,3399.0,3201.0,3299.0]","[0.331,0.34,0.328,0.338,0.332,0.332,0.339,0.337,0.337,0.337,0.332,0.338,0.34]","[3703.0,4408.0,3673.0,4389.0,3634.0,3840.0,3933.0,3831.0,3952.0,4517.0,4081.0,3921.0,4056.0]","[3025.0,3360.0,3114.0,3365.0,2927.0,3172.0,3107.0,3051.0,3095.0,3454.0,3301.0,3075.0,3091.0]","[1447.0,1582.0,1300.0,1649.0,1329.0,1394.0,1369.0,1287.0,1398.0,1670.0,1497.0,1415.0,1468.0]","[0.27,0.259,0.278,0.259,0.267,0.274,0.268,0.268,0.264,0.258,0.269,0.265,0.259]","[0.129,0.122,0.116,0.127,0.121,0.12,0.118,0.113,0.119,0.125,0.122,0.122,0.123]","[0.27,0.279,0.278,0.275,0.279,0.274,0.275,0.282,0.279,0.281,0.277,0.276,0.277]"
10000,10000,2.165609188976868,9.561274169859388,0.0011459284644411334,1.080392607636793,0.3045,0.081,14,"[9426.0,12531.0,11242.0,11880.0,13101.0,10843.0,11717.0,9976.0,14637.0,11305.0,11498.0,13844.0,12939.0,12322.0]","[2859.0,3816.0,3437.0,3602.0,3985.0,3286.0,3588.0,3039.0,4467.0,3451.0,3512.0,4183.0,3915.0,3743.0]","[0.35,0.36,0.355,0.356,0.361,0.35,0.355,0.346,0.368,0.352,0.355,0.362,0.357,0.359]","[3297.0,4510.0,3990.0,4225.0,4735.0,3796.0,4156.0,3448.0,5380.0,3977.0,4085.0,5005.0,4616.0,4426.0]","[2641.0,3189.0,2929.0,3010.0,3265.0,2885.0,3051.0,2739.0,3526.0,2909.0,2978.0,3373.0,3268.0,3184.0]","[629.0,1016.0,886.0,1043.0,1116.0,876.0,922.0,750.0,1264.0,968.0,923.0,1283.0,1140.0,969.0]","[0.28,0.254,0.261,0.253,0.249,0.266,0.26,0.275,0.241,0.257,0.259,0.244,0.253,0.258]","[0.067,0.081,0.079,0.088,0.085,0.081,0.079,0.075,0.086,0.086,0.08,0.093,0.088,0.079]","[0.303,0.305,0.306,0.303,0.304,0.303,0.306,0.305,0.305,0.305,0.305,0.302,0.303,0.304]"
10000,10000,2.0007504403181557,10.299503939711373,0.0032794200779883743,2.529791570604531,0.29,0.102,15,"[12574.0,11501.0,10575.0,11156.0,11706.0,12525.0,11140.0,10986.0,11563.0,12031.0,11910.0,12195.0,10608.0,11638.0,10711.0]","[3583.0,3361.0,3058.0,3333.0,3395.0,3543.0,3228.0,3232.0,3333.0,3482.0,3435.0,3639.0,3085.0,3364.0,3173.0]","[0.352,0.353,0.343,0.343,0.347,0.347,0.341,0.347,0.352,0.353,0.346,0.35,0.348,0.35,0.346]","[4422.0,4059.0,3629.0,3822.0,4058.0,4346.0,3795.0,3810.0,4070.0,4251.0,4122.0,4274.0,3696.0,4070.0,3708.0]","[3174.0,2960.0,2827.0,2913.0,3032.0,3185.0,2960.0,2898.0,2959.0,3010.0,3043.0,3077.0,2797.0,3018.0,2824.0]","[1395.0,1121.0,1061.0,1088.0,1221.0,1451.0,1157.0,1046.0,1201.0,1288.0,1310.0,1205.0,1030.0,1186.0,1006.0]","[0.252,0.257,0.267,0.261,0.259,0.254,0.266,0.264,0.256,0.25,0.255,0.252,0.264,0.259,0.264]","[0.111,0.097,0.1,0.098,0.104,0.116,0.104,0.095,0.104,0.107,0.11,0.099,0.097,0.102,0.094]","[0.285,0.292,0.289,0.299,0.29,0.283,0.29,0.294,0.288,0.289,0.288,0.298,0.291,0.289,0.296]"
10000,10000,2.0,9.440199763203111,0.0011250211381361162,2.715270857776772,0.3,0.083,17,"[10615.0,12412.0,11477.0,13216.0,11265.0,11367.0,10631.0,10312.0,11128.0,13477.0,11487.0,10800.0,12784.0,9825.0,10975.0,11049.0,12702.0]","[3175.0,3669.0,3419.0,3964.0,3381.0,3323.0,3223.0,3073.0,3338.0,4063.0,3446.0,3250.0,3812.0,2956.0,3314.0,3362.0,3815.0]","[0.355,0.354,0.36,0.36,0.357,0.353,0.352,0.348,0.353,0.358,0.356,0.348,0.363,0.347,0.358,0.353,0.362]","[3772.0,4394.0,4135.0,4759.0,4016.0,4014.0,3744.0,3588.0,3932.0,4824.0,4086.0,3761.0,4643.0,3406.0,3928.0,3904.0,4596.0]","[2821.0,3210.0,2965.0,3329.0,2929.0,3078.0,2855.0,2809.0,2915.0,3358.0,3048.0,2886.0,3214.0,2739.0,2895.0,2935.0,3185.0]","[847.0,1139.0,958.0,1164.0,939.0,952.0,809.0,842.0,943.0,1232.0,907.0,903.0,1115.0,724.0,838.0,848.0,1106.0]","[0.266,0.259,0.258,0.252,0.26,0.271,0.269,0.272,0.262,0.249,0.265,0.267,0.251,0.279,0.264,0.266,0.251]","[0.08,0.092,0.083,0.088,0.083,0.084,0.076,0.082,0.085,0.091,0.079,0.084,0.087,0.074,0.076,0.077,0.087]","[0.299,0.296,0.298,0.3,0.3,0.292,0.303,0.298,0.3,0.301,0.3,0.301,0.298,0.301,0.302,0.304,0.3]"
10000,10000,2.4563584997961647,9.278501692011913,7.431293068093181E-4,1.8760422588833818,0.31,0.08,23,"[11213.0,10963.0,10989.0,12285.0,13079.0,11658.0,13009.0,12934.0,12854.0,12497.0,13189.0,10558.0,13550.0,12448.0,10974.0,12146.0,14268.0,10623.0,12078.0,11372.0,12201.0,12284.0,12680.0]","[3500.0,3417.0,3347.0,3766.0,4022.0,3649.0,4013.0,3997.0,3928.0,3831.0,4090.0,3290.0,4163.0,3866.0,3420.0,3740.0,4410.0,3294.0,3731.0,3525.0,3789.0,3823.0,3947.0]","[0.355,0.352,0.348,0.358,0.36,0.354,0.36,0.354,0.351,0.35,0.358,0.339,0.357,0.355,0.343,0.353,0.358,0.344,0.348,0.349,0.358,0.36,0.358]","[3979.0,3858.0,3826.0,4396.0,4708.0,4126.0,4686.0,4582.0,4513.0,4380.0,4728.0,3577.0,4842.0,4421.0,3768.0,4282.0,5102.0,3655.0,4202.0,3973.0,4365.0,4420.0,4541.0]","[2962.0,2834.0,2926.0,3156.0,3222.0,3013.0,3274.0,3293.0,3331.0,3210.0,3280.0,2869.0,3357.0,3107.0,2925.0,3112.0,3518.0,2850.0,3119.0,3005.0,3074.0,3061.0,3176.0]","[772.0,854.0,890.0,967.0,1127.0,870.0,1036.0,1062.0,1082.0,1076.0,1091.0,822.0,1188.0,1054.0,861.0,1012.0,1238.0,824.0,1026.0,869.0,973.0,980.0,1016.0]","[0.264,0.259,0.266,0.257,0.246,0.258,0.252,0.255,0.259,0.257,0.249,0.272,0.248,0.25,0.267,0.256,0.247,0.268,0.258,0.264,0.252,0.249,0.25]","[0.069,0.078,0.081,0.079,0.086,0.075,0.08,0.082,0.084,0.086,0.083,0.078,0.088,0.085,0.078,0.083,0.087,0.078,0.085,0.076,0.08,0.08,0.08]","[0.312,0.312,0.305,0.307,0.308,0.313,0.308,0.309,0.306,0.307,0.31,0.312,0.307,0.311,0.312,0.308,0.309,0.31,0.309,0.31,0.311,0.311,0.311]"
10000,10000,2.007352030127727,9.0,0.004769197779509137,2.8881648752809768,0.278,0.122,16,"[11091.0,12087.0,12083.0,12515.0,11350.0,11089.0,14318.0,12237.0,12864.0,11149.0,10296.0,12011.0,10965.0,13210.0,12492.0,13146.0]","[3076.0,3355.0,3345.0,3519.0,3203.0,3097.0,3978.0,3385.0,3579.0,3066.0,2896.0,3324.0,3092.0,3757.0,3497.0,3608.0]","[0.329,0.339,0.339,0.34,0.343,0.336,0.345,0.336,0.341,0.33,0.333,0.33,0.335,0.342,0.34,0.34]","[3652.0,4097.0,4094.0,4253.0,3889.0,3722.0,4945.0,4116.0,4389.0,3683.0,3429.0,3958.0,3668.0,4512.0,4242.0,4467.0]","[3039.0,3205.0,3171.0,3192.0,2980.0,2988.0,3578.0,3247.0,3306.0,3037.0,2775.0,3205.0,2921.0,3329.0,3211.0,3432.0]","[1324.0,1430.0,1473.0,1551.0,1278.0,1282.0,1817.0,1489.0,1590.0,1363.0,1196.0,1524.0,1284.0,1612.0,1542.0,1639.0]","[0.274,0.265,0.262,0.255,0.263,0.269,0.25,0.265,0.257,0.272,0.27,0.267,0.266,0.252,0.257,0.261]","[0.119,0.118,0.122,0.124,0.113,0.116,0.127,0.122,0.124,0.122,0.116,0.127,0.117,0.122,0.123,0.125]","[0.277,0.278,0.277,0.281,0.282,0.279,0.278,0.277,0.278,0.275,0.281,0.277,0.282,0.284,0.28,0.274]"
10000,10000,2.0,9.0,0.005,2.8582897693125293,0.279,0.122,25,"[10144.0,11192.0,12528.0,11150.0,12486.0,12367.0,10652.0,10828.0,11901.0,12240.0,13570.0,11304.0,12231.0,11029.0,10798.0,12267.0,11975.0,10167.0,10842.0,11981.0,11379.0,12288.0,11046.0,13624.0,10893.0]","[2842.0,3106.0,3399.0,3081.0,3483.0,3416.0,3015.0,2955.0,3271.0,3401.0,3796.0,3169.0,3432.0,3072.0,3040.0,3420.0,3336.0,2831.0,3003.0,3332.0,3184.0,3412.0,3132.0,3758.0,3048.0]","[0.322,0.336,0.331,0.333,0.342,0.341,0.338,0.325,0.335,0.338,0.339,0.336,0.336,0.328,0.331,0.337,0.338,0.328,0.331,0.333,0.338,0.335,0.333,0.339,0.329]","[3263.0,3756.0,4153.0,3718.0,4264.0,4223.0,3597.0,3520.0,3985.0,4134.0,4607.0,3793.0,4113.0,3621.0,3572.0,4130.0,4048.0,3334.0,3585.0,3995.0,3844.0,4116.0,3683.0,4615.0,3582.0]","[2798.0,2986.0,3366.0,2996.0,3196.0,3172.0,2831.0,3039.0,3187.0,3155.0,3515.0,2987.0,3197.0,3003.0,2914.0,3209.0,3126.0,2805.0,2933.0,3135.0,3014.0,3264.0,2968.0,3462.0,3014.0]","[1241.0,1344.0,1610.0,1355.0,1543.0,1556.0,1209.0,1314.0,1458.0,1550.0,1652.0,1355.0,1489.0,1333.0,1272.0,1508.0,1465.0,1197.0,1321.0,1519.0,1337.0,1496.0,1263.0,1789.0,1249.0]","[0.276,0.267,0.269,0.269,0.256,0.256,0.266,0.281,0.268,0.258,0.259,0.264,0.261,0.272,0.27,0.262,0.261,0.276,0.271,0.262,0.265,0.266,0.269,0.254,0.277]","[0.122,0.12,0.129,0.122,0.124,0.126,0.113,0.121,0.123,0.127,0.122,0.12,0.122,0.121,0.118,0.123,0.122,0.118,0.122,0.127,0.117,0.122,0.114,0.131,0.115]","[0.28,0.278,0.271,0.276,0.279,0.276,0.283,0.273,0.275,0.278,0.28,0.28,0.281,0.279,0.282,0.279,0.279,0.278,0.277,0.278,0.28,0.278,0.284,0.276,0.28]"
10000,10000,2.0865622521216856,9.552789532448454,0.0011310741029608418,1.1097103913434805,0.305,0.0815,18,"[11792.0,12000.0,11563.0,10876.0,10694.0,11286.0,11950.0,12490.0,11344.0,11347.0,11105.0,11660.0,11174.0,13482.0,11788.0,12878.0,11769.0,11905.0]","[3602.0,3615.0,3505.0,3361.0,3282.0,3392.0,3648.0,3826.0,3495.0,3408.0,3385.0,3611.0,3425.0,4042.0,3634.0,3889.0,3602.0,3580.0]","[0.354,0.358,0.355,0.35,0.354,0.351,0.36,0.358,0.355,0.353,0.351,0.356,0.356,0.359,0.351,0.366,0.357,0.353]","[4171.0,4301.0,4100.0,3802.0,3785.0,3956.0,4306.0,4475.0,4023.0,4011.0,3895.0,4151.0,3979.0,4841.0,4142.0,4707.0,4198.0,4198.0]","[3012.0,3076.0,3009.0,2868.0,2838.0,2984.0,3006.0,3178.0,2939.0,2988.0,2951.0,2998.0,2883.0,3333.0,3052.0,3188.0,3062.0,3083.0]","[1007.0,1008.0,949.0,845.0,789.0,954.0,990.0,1011.0,887.0,940.0,874.0,900.0,887.0,1266.0,960.0,1094.0,907.0,1044.0]","[0.255,0.256,0.26,0.264,0.265,0.264,0.252,0.254,0.259,0.263,0.266,0.257,0.258,0.247,0.259,0.248,0.26,0.259]","[0.085,0.084,0.082,0.078,0.074,0.085,0.083,0.081,0.078,0.083,0.079,0.077,0.079,0.094,0.081,0.085,0.077,0.088]","[0.305,0.301,0.303,0.309,0.307,0.301,0.305,0.306,0.308,0.3,0.305,0.31,0.307,0.3,0.308,0.302,0.306,0.301]"
10000,10000,2.0,10.306560668720385,0.002790550555783085,2.290703479308251,0.294,0.095,19,"[11764.0,10543.0,10902.0,11007.0,11118.0,10598.0,11519.0,10352.0,10512.0,11401.0,10758.0,10979.0,12551.0,12096.0,12645.0,12560.0,12064.0,10873.0,11094.0]","[3454.0,3101.0,3197.0,3241.0,3304.0,3075.0,3441.0,3036.0,3088.0,3350.0,3175.0,3282.0,3733.0,3563.0,3704.0,3748.0,3516.0,3181.0,3256.0]","[0.35,0.352,0.346,0.349,0.355,0.347,0.343,0.346,0.346,0.353,0.35,0.344,0.356,0.354,0.352,0.353,0.354,0.348,0.352]","[4120.0,3707.0,3775.0,3842.0,3943.0,3678.0,3956.0,3578.0,3633.0,4027.0,3768.0,3779.0,4473.0,4276.0,4450.0,4428.0,4272.0,3781.0,3902.0]","[3096.0,2767.0,2867.0,2945.0,2857.0,2824.0,3024.0,2814.0,2760.0,2952.0,2835.0,2950.0,3126.0,3072.0,3220.0,3185.0,3031.0,2860.0,2889.0]","[1094.0,968.0,1063.0,979.0,1014.0,1021.0,1098.0,924.0,1031.0,1072.0,980.0,968.0,1219.0,1185.0,1271.0,1199.0,1245.0,1051.0,1047.0]","[0.263,0.262,0.263,0.268,0.257,0.266,0.263,0.272,0.263,0.259,0.264,0.269,0.249,0.254,0.255,0.254,0.251,0.263,0.26]","[0.093,0.092,0.098,0.089,0.091,0.096,0.095,0.089,0.098,0.094,0.091,0.088,0.097,0.098,0.101,0.095,0.103,0.097,0.094]","[0.294,0.294,0.293,0.294,0.297,0.29,0.299,0.293,0.294,0.294,0.295,0.299,0.297,0.295,0.293,0.298,0.291,0.293,0.293]"
10000,10000,2.0,9.0,0.0,2.180108864599254,0.304,0.073,1,"[11334.0]","[3443.0]","[0.355]","[4021.0]","[3048.0]","[822.0]","[0.269]","[0.073]","[0.304]"
10000,10000,2.0,9.0,0.004869431743634369,2.8782320372737336,0.269,0.127,1,"[10948.0]","[2950.0]","[0.334]","[3658.0]","[2952.0]","[1388.0]","[0.27]","[0.127]","[0.269]"
10000,10000,2.0,9.0,0.0034993929709686935,2.9764371208260614,0.285,0.106,5,"[11189.0,11557.0,11839.0,11907.0,10587.0]","[3147.0,3316.0,3375.0,3398.0,3091.0]","[0.339,0.343,0.348,0.341,0.341]","[3790.0,3968.0,4122.0,4062.0,3610.0]","[3042.0,3084.0,3086.0,3152.0,2914.0]","[1210.0,1189.0,1256.0,1295.0,972.0]","[0.272,0.267,0.261,0.265,0.275]","[0.108,0.103,0.106,0.109,0.092]","[0.281,0.287,0.285,0.285,0.292]"
10000,10000,2.0007673603732044,10.67911339849132,0.002620547008045252,2.884223236108786,0.292,0.084,1,"[9807.0]","[2861.0]","[0.351]","[3447.0]","[2678.0]","[821.0]","[0.273]","[0.084]","[0.292]"
10000,10000,2.0001280732159277,9.0,0.005,3.0,0.276,0.126,6,"[11644.0,12012.0,12248.0,12257.0,12153.0,10547.0]","[3129.0,3348.0,3308.0,3387.0,3356.0,2962.0]","[0.334,0.335,0.337,0.337,0.336,0.33]","[3888.0,4020.0,4127.0,4134.0,4088.0,3485.0]","[3163.0,3135.0,3235.0,3174.0,3202.0,2875.0]","[1464.0,1509.0,1578.0,1562.0,1507.0,1225.0]","[0.272,0.261,0.264,0.259,0.263,0.273]","[0.126,0.126,0.129,0.127,0.124,0.116]","[0.269,0.279,0.27,0.276,0.276,0.281]"
10000,10000,2.0,9.031444342063965,0.004173910078400966,3.0,0.282,0.1135,6,"[10845.0,12028.0,9382.0,12052.0,12343.0,12999.0]","[3060.0,3388.0,2691.0,3295.0,3480.0,3663.0]","[0.333,0.346,0.331,0.341,0.341,0.345]","[3612.0,4164.0,3105.0,4105.0,4206.0,4491.0]","[2986.0,3125.0,2685.0,3157.0,3235.0,3310.0]","[1187.0,1351.0,901.0,1495.0,1422.0,1535.0]","[0.275,0.26,0.286,0.262,0.262,0.255]","[0.109,0.112,0.096,0.124,0.115,0.118]","[0.282,0.282,0.287,0.273,0.282,0.282]"
10000,10000,2.000544553241762,9.0,0.003846583873329063,2.9401670076160484,0.283,0.1085,4,"[10844.0,11068.0,12125.0,11615.0]","[3083.0,3157.0,3417.0,3265.0]","[0.333,0.337,0.346,0.337]","[3614.0,3730.0,4192.0,3909.0]","[3006.0,2988.0,3191.0,3111.0]","[1141.0,1193.0,1325.0,1330.0]","[0.277,0.27,0.263,0.268]","[0.105,0.108,0.109,0.115]","[0.284,0.285,0.282,0.281]"
10000,10000,2.0019620193731096,10.316541991229505,0.0025663220755833523,2.281781625403463,0.295,0.093,18,"[11085.0,11664.0,11052.0,11234.0,11258.0,10399.0,12567.0,11827.0,11549.0,9787.0,11449.0,10484.0,10138.0,12612.0,12168.0,11958.0,11751.0,10764.0]","[3240.0,3452.0,3307.0,3315.0,3347.0,3111.0,3701.0,3479.0,3401.0,2906.0,3400.0,3085.0,2985.0,3706.0,3542.0,3530.0,3501.0,3263.0]","[0.35,0.352,0.353,0.35,0.353,0.352,0.351,0.349,0.355,0.344,0.354,0.346,0.352,0.355,0.352,0.357,0.351,0.345]","[3884.0,4101.0,3899.0,3927.0,3977.0,3662.0,4416.0,4125.0,4102.0,3368.0,4051.0,3631.0,3573.0,4477.0,4289.0,4271.0,4127.0,3718.0]","[2952.0,3026.0,2852.0,2918.0,2915.0,2727.0,3227.0,3037.0,2974.0,2691.0,2920.0,2858.0,2739.0,3239.0,3106.0,2989.0,3004.0,2822.0]","[1009.0,1085.0,994.0,1074.0,1019.0,899.0,1223.0,1186.0,1072.0,822.0,1078.0,910.0,841.0,1190.0,1231.0,1168.0,1119.0,961.0]","[0.266,0.259,0.258,0.26,0.259,0.262,0.257,0.257,0.258,0.275,0.255,0.273,0.27,0.257,0.255,0.25,0.256,0.262]","[0.091,0.093,0.09,0.096,0.091,0.086,0.097,0.1,0.093,0.084,0.094,0.087,0.083,0.094,0.101,0.098,0.095,0.089]","[0.292,0.296,0.299,0.295,0.297,0.299,0.295,0.294,0.294,0.297,0.297,0.294,0.294,0.294,0.291,0.295,0.298,0.303]"
10000,10000,2.0437742146193005,9.239545371266338,0.0031694299526586075,2.164908580439284,0.2905,0.097,6,"[9818.0,12637.0,12566.0,11495.0,11929.0,13374.0]","[2861.0,3653.0,3696.0,3337.0,3533.0,3863.0]","[0.337,0.35,0.35,0.344,0.349,0.354]","[3312.0,4427.0,4398.0,3960.0,4166.0,4732.0]","[2762.0,3260.0,3253.0,3095.0,3071.0,3366.0]","[883.0,1297.0,1219.0,1103.0,1159.0,1413.0]","[0.281,0.258,0.259,0.269,0.257,0.252]","[0.09,0.103,0.097,0.096,0.097,0.106]","[0.291,0.289,0.294,0.29,0.296,0.289]"
10000,10000,2.054822764069906,9.0,0.0013765145066572887,3.0,0.298,0.082,7,"[10546.0,11659.0,10232.0,12161.0,11847.0,12814.0,12138.0]","[3137.0,3484.0,3053.0,3652.0,3587.0,3788.0,3613.0]","[0.353,0.361,0.347,0.357,0.36,0.357,0.355]","[3726.0,4204.0,3553.0,4344.0,4268.0,4580.0,4314.0]","[2823.0,3040.0,2831.0,3169.0,3071.0,3302.0,3179.0]","[860.0,931.0,795.0,996.0,921.0,1144.0,1032.0]","[0.268,0.261,0.277,0.261,0.259,0.258,0.262]","[0.082,0.08,0.078,0.082,0.078,0.089,0.085]","[0.297,0.299,0.298,0.3,0.303,0.296,0.298]"
10000,10000,2.025524125349667,9.0,0.0044126885380602835,3.0,0.278,0.117,5,"[10947.0,10394.0,11428.0,11479.0,13718.0]","[2999.0,2888.0,3174.0,3252.0,3855.0]","[0.332,0.332,0.337,0.337,0.351]","[3638.0,3448.0,3851.0,3864.0,4814.0]","[2980.0,2882.0,3064.0,3073.0,3423.0]","[1330.0,1176.0,1339.0,1290.0,1626.0]","[0.272,0.277,0.268,0.268,0.25]","[0.121,0.113,0.117,0.112,0.119]","[0.274,0.278,0.278,0.283,0.281]"
10000,10000,2.0013809166330185,9.0,0.0,1.1443166698943976,0.304,0.074,5,"[11461.0,9258.0,12965.0,11823.0,11225.0]","[3476.0,2852.0,3937.0,3591.0,3460.0]","[0.353,0.346,0.358,0.359,0.353]","[4049.0,3201.0,4647.0,4246.0,3959.0]","[3092.0,2571.0,3256.0,3042.0,2983.0]","[844.0,634.0,1125.0,944.0,823.0]","[0.27,0.278,0.251,0.257,0.266]","[0.074,0.068,0.087,0.08,0.073]","[0.303,0.308,0.304,0.304,0.308]"
10000,10000,2.0000934064566267,9.0,0.004594046170549786,2.9696453634387776,0.2715,0.127,2,"[11397.0,11644.0]","[3066.0,3189.0]","[0.327,0.339]","[3732.0,3944.0]","[3126.0,3057.0]","[1473.0,1454.0]","[0.274,0.263]","[0.129,0.125]","[0.269,0.274]"
10000,10000,2.0026311702949946,9.0,5.854204395168876E-4,2.9182109800772498,0.3015,0.0775,4,"[10757.0,11374.0,10457.0,11326.0]","[3240.0,3440.0,3147.0,3423.0]","[0.351,0.345,0.348,0.355]","[3778.0,3929.0,3638.0,4022.0]","[2963.0,3108.0,2860.0,3008.0]","[776.0,897.0,812.0,873.0]","[0.275,0.273,0.274,0.266]","[0.072,0.079,0.078,0.077]","[0.301,0.302,0.301,0.302]"
10000,10000,2.00112182730973,10.635966047217705,0.0025083555819887804,2.9500670910141844,0.2895,0.096,4,"[11348.0,12541.0,11813.0,11384.0]","[3269.0,3604.0,3466.0,3318.0]","[0.352,0.353,0.359,0.356]","[3998.0,4433.0,4245.0,4050.0]","[2979.0,3151.0,2976.0,2942.0]","[1102.0,1353.0,1126.0,1074.0]","[0.263,0.251,0.252,0.258]","[0.097,0.108,0.095,0.094]","[0.288,0.287,0.293,0.291]"
10000,10000,2.000033195604251,9.110873076331735,0.00431957648233338,3.0,0.2795,0.113,4,"[10382.0,12205.0,10969.0,11033.0]","[2900.0,3371.0,3123.0,3084.0]","[0.334,0.34,0.335,0.33]","[3464.0,4149.0,3680.0,3640.0]","[2883.0,3216.0,2939.0,3055.0]","[1135.0,1469.0,1227.0,1254.0]","[0.278,0.263,0.268,0.277]","[0.109,0.12,0.112,0.114]","[0.279,0.276,0.285,0.28]"
10000,10000,2.0000001136974084,9.145091918212307,0.003948038841322244,2.956613152045491,0.2835,0.1105,14,"[10725.0,13435.0,10047.0,11100.0,12133.0,10625.0,11401.0,11349.0,11532.0,10148.0,11885.0,12193.0,12020.0,12281.0]","[3061.0,3770.0,2855.0,3212.0,3350.0,3014.0,3200.0,3197.0,3265.0,2933.0,3350.0,3429.0,3439.0,3519.0]","[0.338,0.347,0.334,0.338,0.335,0.337,0.33,0.333,0.346,0.333,0.344,0.344,0.336,0.345]","[3627.0,4667.0,3351.0,3753.0,4068.0,3579.0,3761.0,3779.0,3993.0,3384.0,4084.0,4197.0,4034.0,4241.0]","[2906.0,3435.0,2798.0,2977.0,3286.0,2917.0,3078.0,3079.0,3004.0,2818.0,3126.0,3120.0,3213.0,3168.0]","[1131.0,1563.0,1043.0,1158.0,1429.0,1115.0,1362.0,1294.0,1270.0,1013.0,1325.0,1447.0,1334.0,1353.0]","[0.271,0.256,0.278,0.268,0.271,0.275,0.27,0.271,0.26,0.278,0.263,0.256,0.267,0.258]","[0.105,0.116,0.104,0.104,0.118,0.105,0.119,0.114,0.11,0.1,0.111,0.119,0.111,0.11]","[0.285,0.281,0.284,0.289,0.276,0.284,0.281,0.282,0.283,0.289,0.282,0.281,0.286,0.287]"
10000,10000,2.014534279177464,10.446623885735951,0.0032729544791580646,2.891536048197043,0.286,0.098,1,"[10905.0]","[3122.0]","[0.349]","[3804.0]","[2909.0]","[1070.0]","[0.267]","[0.098]","[0.286]"
10000,10000,2.0623364127341874,9.0,0.0017107616925697187,3.0,0.2965,0.08549999999999999,14,"[12152.0,12158.0,11884.0,11221.0,11462.0,11679.0,12818.0,12358.0,11334.0,11226.0,11061.0,11951.0,10629.0,11989.0]","[3565.0,3591.0,3602.0,3345.0,3402.0,3477.0,3780.0,3639.0,3411.0,3334.0,3240.0,3534.0,3179.0,3517.0]","[0.352,0.356,0.347,0.347,0.349,0.353,0.356,0.355,0.355,0.346,0.347,0.356,0.345,0.348]","[4274.0,4331.0,4125.0,3891.0,4003.0,4124.0,4558.0,4389.0,4022.0,3888.0,3839.0,4254.0,3672.0,4177.0]","[3269.0,3133.0,3151.0,3027.0,3114.0,3104.0,3239.0,3247.0,2988.0,3015.0,3068.0,3109.0,2890.0,3179.0]","[1044.0,1103.0,1006.0,958.0,943.0,974.0,1241.0,1083.0,913.0,989.0,914.0,1054.0,888.0,1116.0]","[0.269,0.258,0.265,0.27,0.272,0.266,0.253,0.263,0.264,0.269,0.277,0.26,0.272,0.265]","[0.086,0.091,0.085,0.085,0.082,0.083,0.097,0.088,0.081,0.088,0.083,0.088,0.084,0.093]","[0.293,0.295,0.303,0.298,0.297,0.298,0.295,0.294,0.301,0.297,0.293,0.296,0.299,0.293]"
10000,10000,2.0,9.057186705668586,0.0013747610407896884,2.9188535413645624,0.2975,0.0815,2,"[11385.0,11927.0]","[3344.0,3595.0]","[0.351,0.356]","[4001.0,4245.0]","[3101.0,3118.0]","[939.0,969.0]","[0.272,0.261]","[0.082,0.081]","[0.294,0.301]"
10000,10000,2.0110740007990335,9.03642601823386,0.003717308397924123,2.8672711237886324,0.286,0.109,12,"[11143.0,11182.0,11529.0,12688.0,12537.0,13020.0,12243.0,13071.0,12563.0,11778.0,12177.0,11184.0]","[3184.0,3244.0,3248.0,3631.0,3498.0,3756.0,3486.0,3737.0,3624.0,3342.0,3515.0,3247.0]","[0.338,0.343,0.341,0.345,0.338,0.35,0.341,0.346,0.346,0.342,0.344,0.343]","[3766.0,3831.0,3932.0,4373.0,4241.0,4561.0,4174.0,4527.0,4341.0,4023.0,4185.0,3837.0]","[3000.0,2973.0,3018.0,3295.0,3316.0,3292.0,3239.0,3342.0,3225.0,3099.0,3158.0,2963.0]","[1193.0,1134.0,1331.0,1389.0,1482.0,1411.0,1344.0,1465.0,1373.0,1314.0,1319.0,1137.0]","[0.269,0.266,0.262,0.26,0.264,0.253,0.265,0.256,0.257,0.263,0.259,0.265]","[0.107,0.101,0.115,0.109,0.118,0.108,0.11,0.112,0.109,0.112,0.108,0.102]","[0.286,0.29,0.282,0.286,0.279,0.288,0.285,0.286,0.288,0.284,0.289,0.29]"
10000,10000,2.0,10.280794077470986,0.0016740859962415088,3.0,0.296,0.089,12,"[10391.0,11104.0,9980.0,11164.0,10984.0,11920.0,10097.0,10391.0,11314.0,11790.0,12316.0,11258.0]","[3033.0,3261.0,2968.0,3327.0,3238.0,3503.0,2976.0,3098.0,3372.0,3507.0,3632.0,3353.0]","[0.348,0.355,0.346,0.346,0.345,0.357,0.343,0.349,0.352,0.358,0.351,0.355]","[3611.0,3947.0,3454.0,3866.0,3788.0,4253.0,3460.0,3626.0,3977.0,4219.0,4325.0,4002.0]","[2818.0,2918.0,2736.0,2919.0,3002.0,3091.0,2761.0,2808.0,2949.0,3032.0,3152.0,2889.0]","[929.0,978.0,822.0,1052.0,956.0,1073.0,900.0,859.0,1016.0,1032.0,1207.0,1014.0]","[0.271,0.263,0.274,0.261,0.273,0.259,0.273,0.27,0.261,0.257,0.256,0.257]","[0.089,0.088,0.082,0.094,0.087,0.09,0.089,0.083,0.09,0.088,0.098,0.09]","[0.292,0.294,0.297,0.298,0.295,0.294,0.295,0.298,0.298,0.297,0.295,0.298]"
10000,10000,2.000000005273662,9.0,0.004300347164334674,2.953602376494402,0.275,0.119,1,"[11971.0]","[3298.0]","[0.337]","[4037.0]","[3209.0]","[1427.0]","[0.268]","[0.119]","[0.275]"
10000,10000,2.0,9.0,0.0,2.1194880482607146,0.301,0.08,9,"[11232.0,12704.0,11006.0,12214.0,12478.0,12458.0,11404.0,11846.0,12003.0]","[3346.0,3892.0,3289.0,3634.0,3802.0,3756.0,3459.0,3548.0,3648.0]","[0.352,0.354,0.355,0.352,0.355,0.358,0.352,0.354,0.358]","[3957.0,4497.0,3907.0,4300.0,4431.0,4462.0,4019.0,4190.0,4300.0]","[3012.0,3325.0,2972.0,3247.0,3212.0,3238.0,3019.0,3129.0,3089.0]","[917.0,990.0,838.0,1033.0,1033.0,1002.0,907.0,979.0,966.0]","[0.268,0.262,0.27,0.266,0.257,0.26,0.265,0.264,0.257]","[0.082,0.078,0.076,0.085,0.083,0.08,0.08,0.083,0.08]","[0.298,0.306,0.299,0.298,0.305,0.301,0.303,0.3,0.304]"
10000,10000,2.0000002256912937,10.783556968310744,0.0029744799954782497,2.8196569903043454,0.285,0.102,1,"[11625.0]","[3311.0]","[0.352]","[4094.0]","[3033.0]","[1187.0]","[0.261]","[0.102]","[0.285]"
10000,10000,2.0,10.048178145169615,0.0022348685412945193,2.898697294261465,0.294,0.092,11,"[11274.0,11082.0,11037.0,10579.0,10940.0,12000.0,11510.0,11710.0,11169.0,11780.0,11367.0]","[3287.0,3259.0,3270.0,3105.0,3229.0,3581.0,3390.0,3423.0,3315.0,3416.0,3319.0]","[0.35,0.349,0.352,0.342,0.349,0.349,0.353,0.355,0.353,0.35,0.345]","[3941.0,3866.0,3885.0,3614.0,3819.0,4184.0,4058.0,4156.0,3939.0,4127.0,3922.0]","[3017.0,2949.0,2893.0,2885.0,2849.0,3062.0,2958.0,3059.0,2930.0,3093.0,3016.0]","[1029.0,1008.0,989.0,975.0,1043.0,1173.0,1104.0,1072.0,985.0,1144.0,1110.0]","[0.268,0.266,0.262,0.273,0.26,0.255,0.257,0.261,0.262,0.263,0.265]","[0.091,0.091,0.09,0.092,0.095,0.098,0.096,0.092,0.088,0.097,0.098]","[0.292,0.294,0.296,0.294,0.295,0.298,0.295,0.292,0.297,0.29,0.292]"
10000,10000,2.0,10.382655381258338,0.0032216170515753533,2.8204321335056024,0.286,0.10250000000000001,2,"[9811.0,12482.0]","[2807.0,3572.0]","[0.343,0.354]","[3362.0,4416.0]","[2709.0,3120.0]","[933.0,1374.0]","[0.276,0.25]","[0.095,0.11]","[0.286,0.286]"
10000,10000,2.0000000107111418,9.068194264843758,0.0014089456439441846,2.877529039110866,0.296,0.085,7,"[10301.0,13281.0,11424.0,12217.0,11477.0,12106.0,12203.0]","[3034.0,3929.0,3397.0,3617.0,3457.0,3574.0,3678.0]","[0.347,0.359,0.354,0.355,0.349,0.354,0.358]","[3578.0,4774.0,4048.0,4339.0,4005.0,4288.0,4365.0]","[2874.0,3405.0,3041.0,3198.0,3041.0,3182.0,3147.0]","[815.0,1173.0,938.0,1063.0,974.0,1062.0,1013.0]","[0.279,0.256,0.266,0.262,0.265,0.263,0.258]","[0.079,0.088,0.082,0.087,0.085,0.088,0.083]","[0.295,0.296,0.297,0.296,0.301,0.295,0.301]"
10000,10000,2.00878419026253,10.662579652333829,0.0026677394526595233,2.954054104632662,0.293,0.091,9,"[9858.0,10678.0,11437.0,9805.0,9986.0,9571.0,11168.0,11326.0,10105.0]","[2883.0,3101.0,3337.0,2936.0,2934.0,2862.0,3271.0,3359.0,2935.0]","[0.348,0.348,0.36,0.345,0.338,0.347,0.352,0.348,0.348]","[3433.0,3718.0,4118.0,3386.0,3376.0,3321.0,3930.0,3942.0,3515.0]","[2642.0,2833.0,2942.0,2652.0,2793.0,2565.0,2926.0,2971.0,2721.0]","[900.0,1026.0,1040.0,831.0,883.0,823.0,1041.0,1054.0,934.0]","[0.268,0.265,0.257,0.27,0.28,0.268,0.262,0.262,0.269]","[0.091,0.096,0.091,0.085,0.088,0.086,0.093,0.093,0.092]","[0.292,0.29,0.292,0.299,0.294,0.299,0.293,0.297,0.29]"
10000,10000,2.0,9.240335663867633,0.004864261342189837,2.7686389071589064,0.279,0.12,15,"[12098.0,11920.0,11734.0,10933.0,11110.0,12607.0,9865.0,13399.0,12935.0,10927.0,10854.0,11093.0,11187.0,13363.0,13554.0]","[3380.0,3294.0,3298.0,3052.0,3120.0,3506.0,2802.0,3698.0,3581.0,3108.0,3006.0,3090.0,3117.0,3733.0,3829.0]","[0.342,0.337,0.337,0.327,0.337,0.337,0.332,0.337,0.341,0.338,0.327,0.331,0.335,0.341,0.344]","[4136.0,4018.0,3956.0,3580.0,3743.0,4254.0,3272.0,4511.0,4412.0,3697.0,3551.0,3667.0,3745.0,4553.0,4663.0]","[3189.0,3109.0,3105.0,2935.0,2950.0,3336.0,2724.0,3464.0,3353.0,2891.0,2999.0,2988.0,3008.0,3448.0,3371.0]","[1393.0,1499.0,1375.0,1366.0,1297.0,1511.0,1067.0,1726.0,1589.0,1231.0,1298.0,1348.0,1317.0,1629.0,1691.0]","[0.264,0.261,0.265,0.268,0.266,0.265,0.276,0.259,0.259,0.265,0.276,0.269,0.269,0.258,0.249]","[0.115,0.126,0.117,0.125,0.117,0.12,0.108,0.129,0.123,0.113,0.12,0.122,0.118,0.122,0.125]","[0.279,0.276,0.281,0.279,0.281,0.278,0.284,0.276,0.277,0.284,0.277,0.279,0.279,0.279,0.282]"
10000,10000,2.0,9.824945437109683,0.001794541160083982,3.0,0.297,0.0885,16,"[10808.0,11264.0,12014.0,12465.0,11705.0,11306.0,11455.0,9926.0,13084.0,11473.0,11933.0,11380.0,11676.0,11706.0,11577.0,10862.0]","[3227.0,3368.0,3647.0,3736.0,3511.0,3340.0,3389.0,2952.0,3891.0,3389.0,3548.0,3406.0,3452.0,3467.0,3399.0,3252.0]","[0.353,0.352,0.357,0.352,0.35,0.349,0.355,0.347,0.357,0.351,0.35,0.353,0.356,0.354,0.351,0.35]","[3814.0,3963.0,4292.0,4393.0,4101.0,3949.0,4070.0,3440.0,4673.0,4028.0,4177.0,4018.0,4159.0,4146.0,4069.0,3799.0]","[2851.0,3004.0,3067.0,3167.0,3064.0,2994.0,2981.0,2752.0,3226.0,3002.0,3104.0,2961.0,3092.0,3022.0,3062.0,2854.0]","[916.0,929.0,1008.0,1169.0,1029.0,1023.0,1015.0,782.0,1294.0,1054.0,1104.0,995.0,973.0,1071.0,1047.0,957.0]","[0.264,0.267,0.255,0.254,0.262,0.265,0.26,0.277,0.247,0.262,0.26,0.26,0.265,0.258,0.264,0.263]","[0.085,0.082,0.084,0.094,0.088,0.09,0.089,0.079,0.099,0.092,0.093,0.087,0.083,0.091,0.09,0.088]","[0.299,0.299,0.304,0.3,0.3,0.295,0.296,0.297,0.297,0.295,0.297,0.299,0.296,0.296,0.294,0.299]"
10000,10000,2.4160200133402263,9.256371757653955,7.646491475592141E-4,1.7800684337406918,0.308,0.078,19,"[10984.0,12235.0,11000.0,10924.0,12114.0,13623.0,11054.0,13346.0,11788.0,11788.0,13048.0,12326.0,12021.0,11942.0,12595.0,12641.0,12230.0,12580.0,11202.0]","[3345.0,3709.0,3389.0,3398.0,3797.0,4178.0,3421.0,4087.0,3669.0,3630.0,4041.0,3850.0,3730.0,3654.0,3848.0,3860.0,3790.0,3952.0,3424.0]","[0.354,0.353,0.351,0.343,0.355,0.358,0.354,0.357,0.354,0.357,0.359,0.353,0.356,0.354,0.359,0.355,0.36,0.353,0.353]","[3892.0,4318.0,3866.0,3745.0,4300.0,4880.0,3909.0,4758.0,4177.0,4211.0,4684.0,4355.0,4281.0,4225.0,4523.0,4486.0,4403.0,4435.0,3956.0]","[2877.0,3180.0,2913.0,2966.0,3102.0,3350.0,2894.0,3404.0,3024.0,3007.0,3258.0,3157.0,3118.0,3087.0,3176.0,3284.0,3092.0,3227.0,2950.0]","[870.0,1028.0,832.0,815.0,915.0,1215.0,830.0,1097.0,918.0,940.0,1065.0,964.0,892.0,976.0,1048.0,1011.0,945.0,966.0,872.0]","[0.262,0.26,0.265,0.272,0.256,0.246,0.262,0.255,0.257,0.255,0.25,0.256,0.259,0.258,0.252,0.26,0.253,0.257,0.263]","[0.079,0.084,0.076,0.075,0.076,0.089,0.075,0.082,0.078,0.08,0.082,0.078,0.074,0.082,0.083,0.08,0.077,0.077,0.078]","[0.305,0.303,0.308,0.311,0.313,0.307,0.309,0.306,0.311,0.308,0.31,0.312,0.31,0.306,0.306,0.305,0.31,0.314,0.306]"
10000,10000,2.0,9.0,0.0049779553191553316,3.0,0.2745,0.126,2,"[12121.0,11890.0]","[3324.0,3272.0]","[0.339,0.338]","[4115.0,4016.0]","[3174.0,3075.0]","[1508.0,1527.0]","[0.262,0.259]","[0.124,0.128]","[0.274,0.275]"
10000,10000,2.0,9.0,0.0023208524668327803,2.068081843184542,0.295,0.0885,2,"[12107.0,11991.0]","[3550.0,3567.0]","[0.352,0.356]","[4258.0,4274.0]","[3227.0,3091.0]","[1072.0,1059.0]","[0.267,0.258]","[0.089,0.088]","[0.293,0.297]"
10000,10000,2.0,9.367723856997854,0.0012209739445904553,3.0,0.2955,0.084,2,"[10642.0,12207.0]","[3137.0,3612.0]","[0.352,0.358]","[3747.0,4372.0]","[2880.0,3186.0]","[878.0,1037.0]","[0.271,0.261]","[0.083,0.085]","[0.295,0.296]"
10000,10000,2.0024490310355936,9.0,0.005,2.9846944881364563,0.275,0.119,1,"[10513.0]","[2889.0]","[0.328]","[3451.0]","[2918.0]","[1255.0]","[0.278]","[0.119]","[0.275]"
10000,10000,2.0,9.01538744530921,0.004999999287530467,2.9384149114867184,0.2765,0.1215,6,"[10776.0,10931.0,12162.0,10525.0,10918.0,12325.0]","[2963.0,3021.0,3422.0,2914.0,3090.0,3405.0]","[0.336,0.327,0.339,0.325,0.33,0.339]","[3618.0,3571.0,4122.0,3420.0,3600.0,4176.0]","[2934.0,3003.0,3148.0,2900.0,2991.0,3190.0]","[1261.0,1336.0,1470.0,1291.0,1237.0,1554.0]","[0.272,0.275,0.259,0.276,0.274,0.259]","[0.117,0.122,0.121,0.123,0.113,0.126]","[0.275,0.276,0.281,0.277,0.283,0.276]"
10000,10000,2.0,9.11094146377319,0.004791902034520123,2.9594495912481635,0.2775,0.1225,20,"[10767.0,11509.0,11873.0,11878.0,11879.0,11981.0,13242.0,12641.0,11229.0,11312.0,11420.0,11896.0,11152.0,12508.0,11931.0,11726.0,12014.0,13261.0,11701.0,11705.0]","[2978.0,3164.0,3275.0,3297.0,3295.0,3283.0,3674.0,3570.0,3120.0,3173.0,3147.0,3361.0,3150.0,3518.0,3278.0,3256.0,3302.0,3662.0,3286.0,3278.0]","[0.331,0.329,0.337,0.335,0.33,0.333,0.339,0.342,0.33,0.335,0.33,0.336,0.334,0.342,0.332,0.338,0.338,0.34,0.333,0.34]","[3565.0,3784.0,4001.0,3984.0,3922.0,3989.0,4484.0,4322.0,3702.0,3789.0,3771.0,3995.0,3728.0,4278.0,3958.0,3963.0,4055.0,4508.0,3897.0,3981.0]","[2930.0,3131.0,3105.0,3138.0,3201.0,3147.0,3412.0,3249.0,3033.0,2966.0,3098.0,3098.0,3021.0,3255.0,3167.0,3081.0,3160.0,3368.0,3144.0,3040.0]","[1294.0,1430.0,1492.0,1459.0,1461.0,1562.0,1672.0,1500.0,1374.0,1384.0,1404.0,1442.0,1253.0,1457.0,1528.0,1426.0,1497.0,1723.0,1374.0,1406.0]","[0.272,0.272,0.262,0.264,0.269,0.263,0.258,0.257,0.27,0.262,0.271,0.26,0.271,0.26,0.265,0.263,0.263,0.254,0.269,0.26]","[0.12,0.124,0.126,0.123,0.123,0.13,0.126,0.119,0.122,0.122,0.123,0.121,0.112,0.116,0.128,0.122,0.125,0.13,0.117,0.12]","[0.277,0.275,0.276,0.278,0.277,0.274,0.277,0.282,0.278,0.28,0.276,0.283,0.282,0.281,0.275,0.278,0.275,0.276,0.281,0.28]"
10000,10000,2.01608817101393,9.452770462276563,0.0035847253416527603,2.872164543810929,0.285,0.1075,6,"[11183.0,10790.0,12112.0,12012.0,11208.0,11958.0]","[3181.0,3100.0,3479.0,3408.0,3149.0,3419.0]","[0.348,0.34,0.347,0.346,0.335,0.345]","[3888.0,3669.0,4199.0,4158.0,3758.0,4130.0]","[2949.0,2952.0,3120.0,3158.0,3034.0,3111.0]","[1165.0,1069.0,1314.0,1288.0,1267.0,1298.0]","[0.264,0.274,0.258,0.263,0.271,0.26]","[0.104,0.099,0.108,0.107,0.113,0.109]","[0.284,0.287,0.287,0.284,0.281,0.286]"
10000,10000,2.0072930248166387,9.018628315122003,0.004768748714804493,2.8878241355902063,0.276,0.1195,2,"[10752.0,13923.0]","[2957.0,3854.0]","[0.336,0.343]","[3609.0,4774.0]","[2958.0,3556.0]","[1228.0,1739.0]","[0.275,0.255]","[0.114,0.125]","[0.275,0.277]"
10000,10000,2.0,9.0,0.005,2.83115016486909,0.2735,0.1265,4,"[11157.0,12164.0,11898.0,12392.0]","[3033.0,3339.0,3298.0,3387.0]","[0.327,0.334,0.339,0.342]","[3649.0,4065.0,4037.0,4241.0]","[3071.0,3220.0,3134.0,3187.0]","[1404.0,1540.0,1429.0,1577.0]","[0.275,0.265,0.263,0.257]","[0.126,0.127,0.12,0.127]","[0.272,0.274,0.277,0.273]"
10000,10000,2.0404951862350096,10.58133204014883,0.0024665937786134224,3.0,0.291,0.0945,4,"[10610.0,11925.0,10384.0,11378.0]","[3070.0,3473.0,3025.0,3336.0]","[0.358,0.35,0.353,0.353]","[3794.0,4174.0,3661.0,4015.0]","[2793.0,3089.0,2767.0,2900.0]","[953.0,1189.0,931.0,1127.0]","[0.263,0.259,0.266,0.255]","[0.09,0.1,0.09,0.099]","[0.289,0.291,0.291,0.293]"
10000,10000,2.000618618254097,9.134752254725992,0.0,2.4110521983464626,0.3005,0.0795,8,"[10710.0,11644.0,10776.0,11904.0,11486.0,11270.0,11041.0,11139.0]","[3185.0,3509.0,3307.0,3610.0,3442.0,3393.0,3308.0,3288.0]","[0.348,0.352,0.354,0.362,0.355,0.356,0.353,0.354]","[3731.0,4099.0,3814.0,4315.0,4076.0,4012.0,3901.0,3944.0]","[2913.0,3127.0,2875.0,3086.0,3034.0,2982.0,2911.0,2999.0]","[881.0,909.0,780.0,893.0,934.0,883.0,921.0,908.0]","[0.272,0.269,0.267,0.259,0.264,0.265,0.264,0.269]","[0.082,0.078,0.072,0.075,0.081,0.078,0.083,0.082]","[0.297,0.301,0.307,0.303,0.3,0.301,0.3,0.295]"
10000,10000,2.0011647981064256,10.655659802866673,0.002600722188178133,2.8900792214479356,0.293,0.0905,2,"[10197.0,10876.0]","[2992.0,3182.0]","[0.346,0.355]","[3525.0,3865.0]","[2780.0,2816.0]","[900.0,1013.0]","[0.273,0.259]","[0.088,0.093]","[0.293,0.293]"
10000,10000,2.0255219165494402,9.101214997884703,0.002731264445013638,2.1093023737371137,0.297,0.0915,20,"[11186.0,12860.0,12955.0,12934.0,13177.0,11827.0,13018.0,12937.0,11067.0,12201.0,11637.0,11035.0,11372.0,10905.0,11947.0,12871.0,11709.0,12616.0,12887.0,11970.0]","[3317.0,3806.0,3813.0,3847.0,3936.0,3463.0,3835.0,3836.0,3297.0,3638.0,3496.0,3260.0,3394.0,3218.0,3489.0,3860.0,3435.0,3778.0,3879.0,3619.0]","[0.349,0.354,0.35,0.351,0.358,0.349,0.358,0.351,0.347,0.347,0.348,0.342,0.345,0.343,0.353,0.357,0.349,0.351,0.352,0.35]","[3908.0,4549.0,4539.0,4545.0,4723.0,4126.0,4661.0,4540.0,3841.0,4234.0,4047.0,3769.0,3922.0,3740.0,4215.0,4593.0,4083.0,4430.0,4540.0,4195.0]","[2990.0,3283.0,3357.0,3349.0,3315.0,3148.0,3215.0,3277.0,2967.0,3196.0,3064.0,2972.0,3016.0,2955.0,3112.0,3257.0,3078.0,3286.0,3294.0,3125.0]","[971.0,1222.0,1246.0,1193.0,1203.0,1090.0,1307.0,1284.0,962.0,1133.0,1030.0,1034.0,1040.0,992.0,1131.0,1161.0,1113.0,1122.0,1174.0,1031.0]","[0.267,0.255,0.259,0.259,0.252,0.266,0.247,0.253,0.268,0.262,0.263,0.269,0.265,0.271,0.26,0.253,0.263,0.26,0.256,0.261]","[0.087,0.095,0.096,0.092,0.091,0.092,0.1,0.099,0.087,0.093,0.089,0.094,0.091,0.091,0.095,0.09,0.095,0.089,0.091,0.086]","[0.297,0.296,0.294,0.297,0.299,0.293,0.295,0.297,0.298,0.298,0.3,0.295,0.298,0.295,0.292,0.3,0.293,0.299,0.301,0.302]"
10000,10000,2.025240839119687,9.8113115433489,0.0016024454542517294,3.0,0.2915,0.0915,2,"[11038.0,11780.0]","[3206.0,3451.0]","[0.347,0.353]","[3834.0,4163.0]","[2984.0,3096.0]","[1014.0,1070.0]","[0.27,0.263]","[0.092,0.091]","[0.29,0.293]"
10000,10000,2.0,9.05038471275881,5.275003104126785E-4,2.9307958489444284,0.3,0.079,4,"[11677.0,11347.0,10798.0,11238.0]","[3469.0,3400.0,3258.0,3371.0]","[0.362,0.349,0.351,0.349]","[4226.0,3965.0,3791.0,3919.0]","[3053.0,3042.0,2982.0,3072.0]","[929.0,940.0,767.0,876.0]","[0.261,0.268,0.276,0.273]","[0.08,0.083,0.071,0.078]","[0.297,0.3,0.302,0.3]"
10000,10000,2.0040786256240395,9.0,0.004985436192860667,2.8361419323760564,0.277,0.12,11,"[11491.0,11773.0,11853.0,11244.0,11678.0,10856.0,10318.0,11603.0,11343.0,12095.0,12254.0]","[3232.0,3267.0,3282.0,3121.0,3305.0,3007.0,2859.0,3205.0,3161.0,3381.0,3395.0]","[0.331,0.337,0.345,0.331,0.331,0.329,0.326,0.335,0.335,0.344,0.331]","[3803.0,3971.0,4095.0,3718.0,3864.0,3571.0,3366.0,3885.0,3799.0,4158.0,4059.0]","[3122.0,3102.0,3006.0,3060.0,3106.0,2986.0,2874.0,3059.0,3088.0,3139.0,3256.0]","[1334.0,1433.0,1470.0,1345.0,1403.0,1292.0,1219.0,1454.0,1295.0,1417.0,1544.0]","[0.272,0.263,0.254,0.272,0.266,0.275,0.279,0.264,0.272,0.26,0.266]","[0.116,0.122,0.124,0.12,0.12,0.119,0.118,0.125,0.114,0.117,0.126]","[0.281,0.277,0.277,0.278,0.283,0.277,0.277,0.276,0.279,0.28,0.277]"
10000,10000,2.003426165301031,9.00919684788372,0.0049122447281379576,2.972224604853884,0.275,0.1205,2,"[11983.0,11625.0]","[3307.0,3182.0]","[0.335,0.33]","[4019.0,3836.0]","[3217.0,3205.0]","[1440.0,1402.0]","[0.268,0.276]","[0.12,0.121]","[0.276,0.274]"
10000,10000,2.336780630093867,9.0,8.134964984494834E-4,1.8055927356083807,0.307,0.0765,6,"[11590.0,10531.0,11370.0,12555.0,11183.0,12468.0]","[3629.0,3222.0,3496.0,3848.0,3498.0,3825.0]","[0.352,0.348,0.358,0.356,0.353,0.353]","[4085.0,3665.0,4073.0,4471.0,3946.0,4402.0]","[3063.0,2859.0,2897.0,3244.0,2952.0,3269.0]","[813.0,785.0,904.0,992.0,787.0,972.0]","[0.264,0.271,0.255,0.258,0.264,0.262]","[0.07,0.075,0.08,0.079,0.07,0.078]","[0.313,0.306,0.307,0.306,0.313,0.307]"
10000,10000,2.0,9.39257440817885,0.001391020888700208,2.038280689498083,0.301,0.083,19,"[12033.0,10701.0,12059.0,13178.0,11397.0,10587.0,11219.0,11897.0,11852.0,11537.0,10419.0,11599.0,11892.0,11972.0,12323.0,12091.0,10808.0,12561.0,11605.0]","[3615.0,3245.0,3643.0,3979.0,3479.0,3147.0,3350.0,3564.0,3572.0,3506.0,3136.0,3475.0,3568.0,3591.0,3758.0,3599.0,3266.0,3751.0,3502.0]","[0.359,0.352,0.364,0.366,0.351,0.351,0.351,0.359,0.352,0.352,0.347,0.357,0.355,0.349,0.361,0.356,0.346,0.358,0.358]","[4325.0,3765.0,4389.0,4819.0,4005.0,3719.0,3936.0,4266.0,4173.0,4064.0,3612.0,4141.0,4218.0,4181.0,4443.0,4301.0,3742.0,4496.0,4158.0]","[3115.0,2868.0,3045.0,3245.0,3006.0,2882.0,2975.0,3067.0,3081.0,3011.0,2851.0,3044.0,3096.0,3190.0,3132.0,3142.0,2950.0,3204.0,2951.0]","[978.0,823.0,982.0,1135.0,907.0,839.0,958.0,1000.0,1026.0,956.0,820.0,939.0,1010.0,1010.0,990.0,1049.0,850.0,1110.0,994.0]","[0.259,0.268,0.253,0.246,0.264,0.272,0.265,0.258,0.26,0.261,0.274,0.262,0.26,0.266,0.254,0.26,0.273,0.255,0.254]","[0.081,0.077,0.081,0.086,0.08,0.079,0.085,0.084,0.087,0.083,0.079,0.081,0.085,0.084,0.08,0.087,0.079,0.088,0.086]","[0.3,0.303,0.302,0.302,0.305,0.297,0.299,0.3,0.301,0.304,0.301,0.3,0.3,0.3,0.305,0.298,0.302,0.299,0.302]"
10000,10000,2.0,9.136337237467941,1.2956149188340937E-4,2.415565671278018,0.3,0.077,1,"[11004.0]","[3296.0]","[0.354]","[3891.0]","[2970.0]","[847.0]","[0.27]","[0.077]","[0.3]"
10000,10000,2.0000536008680934,9.121069635615278,0.004322634052280201,3.0,0.281,0.11249999999999999,2,"[11363.0,12088.0]","[3196.0,3401.0]","[0.341,0.338]","[3879.0,4088.0]","[3078.0,3162.0]","[1210.0,1437.0]","[0.271,0.262]","[0.106,0.119]","[0.281,0.281]"
10000,10000,2.0005950956459024,9.0,0.0044557143883958905,3.0,0.2805,0.1185,8,"[10809.0,12616.0,11274.0,11960.0,11563.0,10921.0,11439.0,11087.0]","[3048.0,3496.0,3103.0,3326.0,3232.0,3125.0,3221.0,3119.0]","[0.335,0.338,0.337,0.338,0.338,0.335,0.331,0.335]","[3618.0,4263.0,3796.0,4037.0,3909.0,3663.0,3782.0,3714.0]","[2968.0,3294.0,3021.0,3169.0,3042.0,2934.0,3081.0,2969.0]","[1175.0,1563.0,1354.0,1428.0,1380.0,1199.0,1355.0,1285.0]","[0.275,0.261,0.268,0.265,0.263,0.269,0.269,0.268]","[0.109,0.124,0.12,0.119,0.119,0.11,0.118,0.116]","[0.282,0.277,0.275,0.278,0.28,0.286,0.282,0.281]"
10000,10000,2.01230443256121,10.492284748210071,0.0029627922248458075,2.901183365513239,0.29,0.1,11,"[10235.0,10297.0,11169.0,10738.0,11567.0,11697.0,11000.0,10467.0,12006.0,11947.0,11209.0]","[2938.0,3017.0,3251.0,3103.0,3342.0,3461.0,3149.0,3080.0,3500.0,3465.0,3251.0]","[0.348,0.348,0.349,0.348,0.356,0.35,0.345,0.354,0.355,0.352,0.346]","[3564.0,3586.0,3900.0,3739.0,4116.0,4093.0,3793.0,3707.0,4259.0,4200.0,3880.0]","[2769.0,2791.0,2900.0,2872.0,2942.0,2987.0,2896.0,2766.0,3025.0,3038.0,2911.0]","[964.0,903.0,1118.0,1024.0,1167.0,1156.0,1162.0,914.0,1222.0,1244.0,1167.0]","[0.271,0.271,0.26,0.267,0.254,0.255,0.263,0.264,0.252,0.254,0.26]","[0.094,0.088,0.1,0.095,0.101,0.099,0.106,0.087,0.102,0.104,0.104]","[0.287,0.293,0.291,0.289,0.289,0.296,0.286,0.294,0.292,0.29,0.29]"
10000,10000,2.009670823276788,9.0,0.004793064209842625,2.8508259767767603,0.277,0.122,13,"[11641.0,12426.0,11729.0,12822.0,12833.0,11419.0,12526.0,12574.0,13006.0,11852.0,11035.0,13224.0,13148.0]","[3184.0,3378.0,3233.0,3534.0,3556.0,3205.0,3469.0,3528.0,3600.0,3286.0,3121.0,3712.0,3689.0]","[0.332,0.339,0.337,0.338,0.337,0.334,0.337,0.341,0.34,0.335,0.332,0.339,0.339]","[3869.0,4216.0,3952.0,4336.0,4327.0,3809.0,4218.0,4283.0,4425.0,3971.0,3667.0,4480.0,4459.0]","[3131.0,3212.0,3067.0,3336.0,3369.0,3063.0,3323.0,3254.0,3340.0,3166.0,2990.0,3423.0,3434.0]","[1457.0,1620.0,1477.0,1616.0,1581.0,1342.0,1516.0,1509.0,1641.0,1429.0,1257.0,1609.0,1566.0]","[0.269,0.258,0.261,0.26,0.263,0.268,0.265,0.259,0.257,0.267,0.271,0.259,0.261]","[0.125,0.13,0.126,0.126,0.123,0.118,0.121,0.12,0.126,0.121,0.114,0.122,0.119]","[0.274,0.272,0.276,0.276,0.277,0.281,0.277,0.281,0.277,0.277,0.283,0.281,0.281]"
10000,10000,2.0,10.326866261549842,0.0017132186701437392,2.9988092332930707,0.2955,0.088,10,"[9499.0,10400.0,10842.0,11044.0,12077.0,12533.0,11158.0,11446.0,9970.0,10887.0]","[2807.0,3071.0,3171.0,3317.0,3558.0,3654.0,3280.0,3429.0,2998.0,3260.0]","[0.345,0.353,0.356,0.352,0.357,0.356,0.355,0.354,0.345,0.351]","[3279.0,3670.0,3863.0,3883.0,4312.0,4460.0,3964.0,4050.0,3441.0,3821.0]","[2647.0,2768.0,2855.0,2861.0,3048.0,3173.0,2923.0,2974.0,2698.0,2846.0]","[766.0,891.0,953.0,983.0,1159.0,1246.0,991.0,993.0,833.0,960.0]","[0.279,0.266,0.263,0.259,0.252,0.253,0.262,0.26,0.271,0.261]","[0.081,0.086,0.088,0.089,0.096,0.099,0.089,0.087,0.084,0.088]","[0.296,0.295,0.292,0.3,0.295,0.292,0.294,0.3,0.301,0.299]"
10000,10000,2.0117598689628227,9.053899197112642,0.003913689110706385,2.9477146562985626,0.283,0.104,1,"[10047.0]","[2841.0]","[0.333]","[3349.0]","[2814.0]","[1043.0]","[0.28]","[0.104]","[0.283]"
10000,10000,2.0,10.575701780034928,0.002878579102515228,2.9932039623722533,0.285,0.102,1,"[11703.0]","[3332.0]","[0.36]","[4210.0]","[2962.0]","[1199.0]","[0.253]","[0.102]","[0.285]"
10000,10000,2.203897110215778,10.221420401843686,0.004052855644748168,2.819038928664429,0.286,0.114,19,"[10692.0,12049.0,10965.0,12016.0,11916.0,12224.0,10892.0,11520.0,12640.0,10966.0,10342.0,11700.0,13428.0,11701.0,11946.0,10751.0,11733.0,13858.0,10382.0]","[3074.0,3415.0,3131.0,3340.0,3380.0,3544.0,3151.0,3298.0,3597.0,3175.0,3046.0,3377.0,3789.0,3378.0,3403.0,3085.0,3352.0,3900.0,3090.0]","[0.339,0.344,0.337,0.338,0.341,0.339,0.337,0.341,0.343,0.341,0.326,0.342,0.345,0.344,0.337,0.338,0.341,0.346,0.337]","[3628.0,4145.0,3690.0,4062.0,4065.0,4142.0,3674.0,3924.0,4339.0,3737.0,3375.0,3997.0,4632.0,4020.0,4026.0,3629.0,3996.0,4800.0,3503.0]","[2883.0,3065.0,2916.0,3132.0,3031.0,3105.0,2872.0,2981.0,3209.0,2897.0,2874.0,3017.0,3317.0,3007.0,3085.0,2896.0,3024.0,3408.0,2757.0]","[1107.0,1424.0,1228.0,1482.0,1440.0,1433.0,1195.0,1317.0,1495.0,1157.0,1047.0,1309.0,1690.0,1296.0,1432.0,1141.0,1361.0,1750.0,1032.0]","[0.27,0.254,0.266,0.261,0.254,0.254,0.264,0.259,0.254,0.264,0.278,0.258,0.247,0.257,0.258,0.269,0.258,0.246,0.266]","[0.104,0.118,0.112,0.123,0.121,0.117,0.11,0.114,0.118,0.106,0.101,0.112,0.126,0.111,0.12,0.106,0.116,0.126,0.099]","[0.288,0.283,0.286,0.278,0.284,0.29,0.289,0.286,0.285,0.29,0.295,0.289,0.282,0.289,0.285,0.287,0.286,0.281,0.298]"
10000,10000,2.0407360056205643,10.568708979419817,0.0024367963811630718,2.9997402331261265,0.287,0.089,1,"[10280.0]","[2949.0]","[0.352]","[3614.0]","[2803.0]","[914.0]","[0.273]","[0.089]","[0.287]"
10000,10000,2.0,9.0,0.004385486494878208,2.9258184863837933,0.282,0.109,1,"[11172.0]","[3152.0]","[0.341]","[3812.0]","[2989.0]","[1219.0]","[0.268]","[0.109]","[0.282]"
10000,10000,2.0,9.33161957087159,2.2167123335677116E-4,2.3811287320399197,0.301,0.08,9,"[11170.0,11004.0,11494.0,10810.0,10169.0,10238.0,12327.0,11858.0,11119.0]","[3303.0,3273.0,3493.0,3258.0,3062.0,3103.0,3688.0,3583.0,3373.0]","[0.356,0.35,0.36,0.344,0.344,0.354,0.352,0.35,0.351]","[3974.0,3855.0,4133.0,3722.0,3497.0,3621.0,4344.0,4156.0,3908.0]","[3034.0,3028.0,2944.0,2974.0,2796.0,2779.0,3217.0,3119.0,2943.0]","[859.0,848.0,924.0,856.0,814.0,735.0,1078.0,1000.0,895.0]","[0.272,0.275,0.256,0.275,0.275,0.271,0.261,0.263,0.265]","[0.077,0.077,0.08,0.079,0.08,0.072,0.087,0.084,0.08]","[0.296,0.297,0.304,0.301,0.301,0.303,0.299,0.302,0.303]"
10000,10000,2.0,10.341770989826072,0.002011899084348266,3.0,0.294,0.089,5,"[10875.0,10527.0,12638.0,10655.0,10139.0]","[3173.0,3039.0,3713.0,3148.0,2985.0]","[0.353,0.35,0.352,0.351,0.345]","[3839.0,3684.0,4451.0,3735.0,3500.0]","[2897.0,2863.0,3204.0,2801.0,2816.0]","[966.0,941.0,1270.0,971.0,838.0]","[0.266,0.272,0.254,0.263,0.278]","[0.089,0.089,0.1,0.091,0.083]","[0.292,0.289,0.294,0.295,0.294]"
10000,10000,2.05452518129121,9.039625228215366,0.0012708734266072702,3.0,0.3,0.081,9,"[10646.0,11819.0,11221.0,12120.0,12197.0,10938.0,11881.0,13309.0,10583.0]","[3206.0,3534.0,3374.0,3634.0,3664.0,3278.0,3543.0,4007.0,3161.0]","[0.349,0.358,0.35,0.351,0.356,0.346,0.356,0.364,0.35]","[3714.0,4232.0,3922.0,4254.0,4340.0,3788.0,4226.0,4840.0,3707.0]","[2901.0,3071.0,3032.0,3218.0,3151.0,3011.0,3149.0,3318.0,2877.0]","[825.0,982.0,893.0,1014.0,1042.0,861.0,963.0,1144.0,838.0]","[0.272,0.26,0.27,0.266,0.258,0.275,0.265,0.249,0.272]","[0.077,0.083,0.08,0.084,0.085,0.079,0.081,0.086,0.079]","[0.301,0.299,0.301,0.3,0.3,0.3,0.298,0.301,0.299]"
10000,10000,2.0,9.0,0.004311063160483409,2.957602846844013,0.282,0.1145,16,"[12110.0,11914.0,11049.0,12470.0,10645.0,12250.0,12542.0,11722.0,11957.0,12093.0,10228.0,11093.0,11269.0,11781.0,11115.0,11650.0]","[3449.0,3364.0,3106.0,3467.0,2995.0,3465.0,3534.0,3315.0,3378.0,3383.0,2933.0,3158.0,3117.0,3346.0,3129.0,3274.0]","[0.343,0.335,0.339,0.335,0.328,0.342,0.341,0.336,0.34,0.343,0.332,0.336,0.328,0.34,0.332,0.339]","[4157.0,3991.0,3742.0,4182.0,3495.0,4185.0,4279.0,3943.0,4069.0,4146.0,3396.0,3732.0,3693.0,4000.0,3694.0,3950.0]","[3224.0,3193.0,2923.0,3270.0,2953.0,3150.0,3300.0,3122.0,3126.0,3111.0,2850.0,3006.0,3064.0,3105.0,3018.0,3100.0]","[1280.0,1366.0,1278.0,1551.0,1202.0,1450.0,1429.0,1342.0,1384.0,1453.0,1049.0,1197.0,1395.0,1330.0,1274.0,1326.0]","[0.266,0.268,0.265,0.262,0.277,0.257,0.263,0.266,0.261,0.257,0.279,0.271,0.272,0.264,0.272,0.266]","[0.106,0.115,0.116,0.124,0.113,0.118,0.114,0.114,0.116,0.12,0.103,0.108,0.124,0.113,0.115,0.114]","[0.285,0.282,0.281,0.278,0.281,0.283,0.282,0.283,0.283,0.28,0.287,0.285,0.277,0.284,0.282,0.281]"
10000,10000,2.0,9.001835357657056,0.0,2.117459355645351,0.3005,0.076,2,"[11641.0,11329.0]","[3523.0,3381.0]","[0.355,0.355]","[4128.0,4026.0]","[3147.0,3016.0]","[843.0,906.0]","[0.27,0.266]","[0.072,0.08]","[0.303,0.298]"
10000,10000,2.0,9.0,0.004992905648028209,3.0,0.274,0.123,1,"[10899.0]","[2986.0]","[0.33]","[3601.0]","[2972.0]","[1340.0]","[0.273]","[0.123]","[0.274]"
10000,10000,2.0,9.353539055024282,0.0010856036764995921,2.697368920599378,0.298,0.078,2,"[11129.0,10000.0]","[3309.0,2990.0]","[0.356,0.347]","[3959.0,3473.0]","[2982.0,2771.0]","[879.0,766.0]","[0.268,0.277]","[0.079,0.077]","[0.297,0.299]"
10000,10000,2.0,9.0,0.004390156915621367,2.925108763982806,0.28,0.116,7,"[10877.0,11729.0,12471.0,11012.0,11490.0,10705.0,13057.0]","[3022.0,3285.0,3451.0,3176.0,3220.0,3030.0,3667.0]","[0.33,0.338,0.341,0.337,0.334,0.333,0.341]","[3587.0,3962.0,4254.0,3714.0,3834.0,3570.0,4453.0]","[3003.0,3083.0,3247.0,2931.0,3101.0,2946.0,3345.0]","[1265.0,1399.0,1519.0,1191.0,1335.0,1159.0,1592.0]","[0.276,0.263,0.26,0.266,0.27,0.275,0.256]","[0.116,0.119,0.122,0.108,0.116,0.108,0.122]","[0.278,0.28,0.277,0.288,0.28,0.283,0.281]"
10000,10000,2.292627361221811,9.0,0.004739689343975511,2.2043772491651694,0.287,0.113,22,"[11173.0,12782.0,12123.0,12565.0,12347.0,11563.0,11543.0,12560.0,12675.0,12884.0,11883.0,12232.0,10891.0,11625.0,11981.0,11773.0,11817.0,10990.0,12487.0,12694.0,10750.0,11747.0]","[3218.0,3674.0,3541.0,3594.0,3439.0,3334.0,3287.0,3583.0,3628.0,3611.0,3389.0,3510.0,3124.0,3338.0,3444.0,3391.0,3473.0,3160.0,3620.0,3745.0,3103.0,3405.0]","[0.333,0.34,0.338,0.344,0.336,0.335,0.33,0.335,0.344,0.341,0.338,0.341,0.329,0.334,0.339,0.337,0.341,0.335,0.34,0.342,0.342,0.343]","[3717.0,4341.0,4095.0,4326.0,4154.0,3872.0,3808.0,4209.0,4356.0,4399.0,4021.0,4167.0,3582.0,3881.0,4066.0,3962.0,4028.0,3681.0,4245.0,4343.0,3678.0,4031.0]","[3017.0,3312.0,3200.0,3252.0,3267.0,3015.0,3064.0,3258.0,3209.0,3307.0,3122.0,3174.0,2950.0,3096.0,3142.0,3136.0,3079.0,2982.0,3180.0,3213.0,2830.0,3113.0]","[1221.0,1455.0,1287.0,1393.0,1487.0,1342.0,1384.0,1510.0,1482.0,1567.0,1351.0,1381.0,1235.0,1310.0,1329.0,1284.0,1237.0,1167.0,1442.0,1393.0,1139.0,1198.0]","[0.27,0.259,0.264,0.259,0.265,0.261,0.265,0.259,0.253,0.257,0.263,0.259,0.271,0.266,0.262,0.266,0.261,0.271,0.255,0.253,0.263,0.265]","[0.109,0.114,0.106,0.111,0.12,0.116,0.12,0.12,0.117,0.122,0.114,0.113,0.113,0.113,0.111,0.109,0.105,0.106,0.115,0.11,0.106,0.102]","[0.288,0.287,0.292,0.286,0.279,0.288,0.285,0.285,0.286,0.28,0.285,0.287,0.287,0.287,0.287,0.288,0.294,0.288,0.29,0.295,0.289,0.29]"
10000,10000,2.1656408769896114,11.0,0.003382058253657764,2.8416050031423055,0.291,0.1015,16,"[11556.0,10454.0,10584.0,12501.0,10335.0,10192.0,10919.0,10941.0,11740.0,10503.0,10834.0,11140.0,11063.0,10739.0,10100.0,11474.0]","[3352.0,3037.0,3049.0,3629.0,2994.0,2949.0,3133.0,3230.0,3512.0,3066.0,3203.0,3272.0,3282.0,3181.0,2936.0,3336.0]","[0.355,0.351,0.351,0.359,0.347,0.352,0.353,0.356,0.366,0.353,0.353,0.359,0.358,0.358,0.343,0.355]","[4106.0,3669.0,3718.0,4491.0,3590.0,3590.0,3850.0,3900.0,4294.0,3708.0,3823.0,3996.0,3965.0,3843.0,3463.0,4076.0]","[2908.0,2704.0,2656.0,2988.0,2674.0,2601.0,2774.0,2726.0,2863.0,2707.0,2751.0,2799.0,2764.0,2737.0,2644.0,2828.0]","[1190.0,1044.0,1161.0,1393.0,1077.0,1052.0,1162.0,1085.0,1071.0,1022.0,1057.0,1073.0,1052.0,978.0,1057.0,1234.0]","[0.252,0.259,0.251,0.239,0.259,0.255,0.254,0.249,0.244,0.258,0.254,0.251,0.25,0.255,0.262,0.246]","[0.103,0.1,0.11,0.111,0.104,0.103,0.106,0.099,0.091,0.097,0.098,0.096,0.095,0.091,0.105,0.108]","[0.29,0.291,0.288,0.29,0.29,0.289,0.287,0.295,0.299,0.292,0.296,0.294,0.297,0.296,0.291,0.291]"
10000,10000,2.012466116300973,10.490422978517834,0.0029485224215518016,2.890508135149169,0.288,0.1,7,"[11744.0,11340.0,10998.0,12376.0,11593.0,11708.0,11066.0]","[3352.0,3263.0,3204.0,3512.0,3397.0,3424.0,3181.0]","[0.351,0.347,0.349,0.349,0.352,0.347,0.353]","[4117.0,3930.0,3834.0,4324.0,4078.0,4066.0,3905.0]","[3102.0,2895.0,2913.0,3210.0,3046.0,3049.0,2856.0]","[1173.0,1252.0,1047.0,1330.0,1072.0,1169.0,1124.0]","[0.264,0.255,0.265,0.259,0.263,0.26,0.258]","[0.1,0.11,0.095,0.107,0.092,0.1,0.102]","[0.285,0.288,0.291,0.284,0.293,0.292,0.287]"
10000,10000,2.0,9.0,0.004225364598726844,3.0,0.281,0.11,1,"[10258.0]","[2884.0]","[0.33]","[3383.0]","[2858.0]","[1133.0]","[0.279]","[0.11]","[0.281]"
10000,10000,2.083847199205711,9.733345983886778,0.0015027393031944256,3.0,0.298,0.085,18,"[10837.0,10285.0,11691.0,12327.0,11373.0,13143.0,11861.0,11136.0,11910.0,10938.0,10873.0,11828.0,11948.0,11526.0,12833.0,11053.0,10651.0,11577.0]","[3216.0,3060.0,3508.0,3623.0,3393.0,3917.0,3598.0,3310.0,3558.0,3206.0,3224.0,3584.0,3628.0,3418.0,3797.0,3339.0,3150.0,3471.0]","[0.351,0.351,0.354,0.354,0.353,0.355,0.357,0.354,0.356,0.352,0.351,0.355,0.353,0.353,0.361,0.356,0.341,0.351]","[3806.0,3613.0,4138.0,4364.0,4017.0,4669.0,4237.0,3943.0,4245.0,3845.0,3821.0,4200.0,4220.0,4071.0,4633.0,3931.0,3634.0,4064.0]","[2864.0,2772.0,3040.0,3171.0,2981.0,3310.0,3034.0,2954.0,3089.0,2920.0,2872.0,3109.0,3084.0,3055.0,3213.0,2854.0,2974.0,3089.0]","[951.0,840.0,1005.0,1169.0,982.0,1247.0,992.0,929.0,1018.0,967.0,956.0,935.0,1016.0,982.0,1190.0,929.0,893.0,953.0]","[0.264,0.27,0.26,0.257,0.262,0.252,0.256,0.265,0.259,0.267,0.264,0.263,0.258,0.265,0.25,0.258,0.279,0.267]","[0.088,0.082,0.086,0.095,0.086,0.095,0.084,0.083,0.085,0.088,0.088,0.079,0.085,0.085,0.093,0.084,0.084,0.082]","[0.297,0.298,0.3,0.294,0.298,0.298,0.303,0.297,0.299,0.293,0.297,0.303,0.304,0.297,0.296,0.302,0.296,0.3]"
10000,10000,2.04038350812184,9.121220616522185,2.2235570075454714E-4,2.244139837660615,0.296,0.081,1,"[11312.0]","[3353.0]","[0.356]","[4028.0]","[3020.0]","[911.0]","[0.267]","[0.081]","[0.296]"
10000,10000,2.0,9.099490914269756,0.004252660586125005,3.0,0.277,0.116,1,"[11662.0]","[3236.0]","[0.337]","[3932.0]","[3140.0]","[1354.0]","[0.269]","[0.116]","[0.277]"
10000,10000,2.001605944253668,10.596422573198216,0.00345308185962381,2.523686831732377,0.286,0.104,5,"[10139.0,11139.0,11467.0,11606.0,10730.0]","[2904.0,3188.0,3290.0,3382.0,3063.0]","[0.344,0.354,0.347,0.349,0.345]","[3484.0,3940.0,3979.0,4052.0,3700.0]","[2737.0,2834.0,2957.0,2987.0,2848.0]","[1014.0,1177.0,1241.0,1185.0,1119.0]","[0.27,0.254,0.258,0.257,0.265]","[0.1,0.106,0.108,0.102,0.104]","[0.286,0.286,0.287,0.291,0.285]"
10000,10000,2.0,9.027671182207111,0.0042520244695816315,3.0,0.281,0.114,11,"[12512.0,11889.0,11281.0,10019.0,12883.0,11190.0,11020.0,12229.0,10810.0,10716.0,12869.0]","[3489.0,3335.0,3204.0,2834.0,3623.0,3123.0,3125.0,3470.0,3026.0,3002.0,3651.0]","[0.346,0.339,0.337,0.329,0.346,0.329,0.335,0.345,0.333,0.331,0.345]","[4324.0,4034.0,3798.0,3301.0,4461.0,3686.0,3691.0,4221.0,3605.0,3548.0,4438.0]","[3271.0,3092.0,3016.0,2860.0,3276.0,3038.0,2998.0,3143.0,2947.0,2973.0,3282.0]","[1428.0,1428.0,1263.0,1024.0,1523.0,1343.0,1206.0,1395.0,1232.0,1193.0,1498.0]","[0.261,0.26,0.267,0.285,0.254,0.271,0.272,0.257,0.273,0.277,0.255]","[0.114,0.12,0.112,0.102,0.118,0.12,0.109,0.114,0.114,0.111,0.116]","[0.279,0.281,0.284,0.283,0.281,0.279,0.284,0.284,0.28,0.28,0.284]"
10000,10000,2.0078791087119794,10.284536298944646,0.002214738310859866,2.9085574660911915,0.292,0.091,5,"[10342.0,10909.0,10676.0,12214.0,10966.0]","[2989.0,3178.0,3117.0,3617.0,3292.0]","[0.352,0.352,0.352,0.354,0.344]","[3636.0,3844.0,3754.0,4326.0,3768.0]","[2772.0,2881.0,2855.0,3100.0,2986.0]","[945.0,1006.0,950.0,1171.0,920.0]","[0.268,0.264,0.267,0.254,0.272]","[0.091,0.092,0.089,0.096,0.084]","[0.289,0.291,0.292,0.296,0.3]"
10000,10000,2.0000001913570387,9.044217705670167,4.1688763569927697E-4,2.9216063850205165,0.296,0.081,1,"[10861.0]","[3210.0]","[0.351]","[3810.0]","[2965.0]","[876.0]","[0.273]","[0.081]","[0.296]"
10000,10000,2.0,10.457426605853895,0.004120846182661299,2.8654799551233356,0.278,0.115,3,"[11083.0,11532.0,10846.0]","[3079.0,3267.0,3017.0]","[0.343,0.344,0.338]","[3807.0,3965.0,3668.0]","[2919.0,2981.0,2875.0]","[1278.0,1319.0,1286.0]","[0.263,0.258,0.265]","[0.115,0.114,0.119]","[0.278,0.283,0.278]"
